Country,1990,1991,1992,1993,1994,1995,1996,1997,1998,1999,2000,2001,2002,2003,2004,2005,2006,2007,2008,2009,2010,2011,2012,2013,2014,2015,2016,2017,2018,2019,2020
Afghanistan,108.7,108.8,108.8,109.6,110.9,111.7,112.4,112.9,113.2,113.6,114.2,114.5,112.3,111.2,110.2,108.8,106.7,104.2,101.9,99,96.5,93.7,91.4,88.9,86.7,85.2,83.6,82.1,80.6,79.1,77.4
Albania,55.9,54.2,50.3,46.5,41.7,41.1,41.7,40,37.2,35.4,34.1,31.7,30.9,30.5,29.2,27.2,24.8,22.5,21.5,20.8,20.9,21,21.3,21.5,21.7,21.7,21.7,21.7,21.5,21.3,20.5
Algeria,45,42.3,41.3,40.3,39.1,38.4,37.6,36.9,36,35.8,35.4,35.1,34.9,35.5,35.5,35.4,35.3,35.1,35,34.8,35,34.9,34.4,34.1,33.6,33.4,32.9,32.4,32.3,32.2,31.8
American Samoa,102.7,101.1,99.9,98.7,97.4,95.7,94.4,93.6,91.6,90,89.4,88.9,89.3,87.6,84.9,81.9,78.6,76,74.5,72.9,71.5,69.6,68.2,67.2,65.9,64.7,62.8,62,61.8,61.5,64.6
Andorra,37.6,37.6,37.6,37.5,37,36.5,36.1,35.4,34.8,34.2,33.7,30.3,28.2,27.5,26.7,25.5,25,24.3,25.6,26.7,27.8,27.1,26.6,26.3,26.2,26,25.8,25.4,25.1,24.5,20.8
Angola,75,74.3,73.7,73.8,73.7,72.8,70.7,69.3,69.2,68.5,67.3,65.3,63.4,61.9,61.1,58.8,57.5,55.5,54.5,53.4,52.1,50.7,49.5,48.1,46,44.9,43.9,43.4,42.8,42.4,42
Antigua and Barbuda,9.7,10.2,10.3,11.2,11.6,11.7,11,11.1,11.3,11.2,10.8,10.7,10.2,10.3,10.4,10.4,10.6,12.4,12.2,11.8,11.6,11.2,11,11,11.6,12.3,12.5,12.3,12.3,12.5,11.7
Argentina,33.1,33.5,34.5,34.8,34.3,36.6,37.3,39.2,41.2,41.6,39.5,39.8,39.8,40.9,39.8,38.8,37.8,40.2,38.2,37.3,38.5,38.7,37.2,35.3,34.7,35.5,35.9,34.8,33.5,33.2,31.8
Armenia,47.1,45.6,47.9,52.3,50.8,49.2,49,43.4,39.3,39.4,39.3,37.3,39,40.5,40.2,40.9,40.8,40.3,37.7,36.7,33.5,33.6,34.4,34.7,36.9,37.2,30.1,22.3,17.6,17.4,17.3
Australia,35.4,33.9,34.8,33.8,33.9,33,33.4,32,30.4,29.4,28.6,27.6,27.3,26,24.7,23.4,23.2,23.9,24.2,23.9,24.2,24.3,24.4,24.7,25.4,25.6,25.3,25.1,24.1,24.2,22.6
Austria,20.5,20,19.4,19.5,18.4,18.3,17.9,17.4,17.3,17.9,17.9,18.1,19.5,21.2,20.2,19.5,18.8,18.6,17.7,17.7,17.3,17,17.1,17.4,16.9,17.6,17.8,18.6,19,18.8,18.7
Azerbaijan,41.5,41.6,43.4,44.5,45.2,44,41.8,39,36.6,34.3,32.1,28.9,27.6,27.2,26.8,27,26.2,25.3,25.2,24.8,24.6,24.2,24.3,24,23.8,23.5,23.2,23.3,21.9,21.6,20.7
Bahamas,14.2,15.5,15.8,15.9,15.9,15.4,15.4,15.6,16,15.8,15,15.1,14.8,15.4,15.8,15.2,15.1,15.4,15,15.4,15.1,14.8,14.7,14.9,16,16.6,16.7,16.4,16.3,16.3,16.1
Bahrain,86.1,87.4,86.5,84.2,86.7,88.3,88.5,88.8,90.1,86.5,83.1,81.7,81.3,84.1,85.6,85.1,81,76.7,72.5,69.3,68.7,67.1,61.9,55.7,46.4,45.5,46.4,46.3,45,44.8,45.3
Bangladesh,133,126.5,126.5,125.7,124.4,126.1,124.5,122.7,120.9,124.3,125.6,124.5,125.4,123,117.9,114.8,114.4,113.7,110.1,106.6,104.4,92,80.8,78.1,79.3,75.3,74.9,78.3,76.9,75.5,74.3
Barbados,12.3,12.2,12.6,13,13.3,13.4,13.4,13.7,14,13.6,13.4,13.7,13.7,14.7,15.5,14.9,14.9,14.6,14.3,13.7,13.2,12.9,12.6,12.8,12.8,12.8,12.8,12.8,12.9,13.4,12.6
Belarus,56.4,52.9,51,53.5,52.2,52,50.5,49.7,48.1,47.2,43.5,41.8,39.2,33,31.9,29,25.7,24.5,21.6,18.9,16.6,14.5,11.6,9.7,8.9,8.7,8.5,8.3,8.4,8.4,8.4
Belgium,41.9,41.3,39.8,41.6,40.5,41.1,40.9,39.9,39.7,38.6,36.8,36.2,37,37.4,34.9,33.9,32.1,32.1,31.4,30.4,29.4,28.7,29.2,28.7,27.2,27.5,27,26.8,26.6,26.2,24.9
Belize,20.3,20.7,21.4,22.1,22.3,23.4,25,29.5,34.1,36.8,35.3,34.1,31,30.9,32,31.7,31.6,31.4,30.1,29.1,29.2,28.1,27.3,27.8,29.4,31.1,31.3,31.1,31.1,30.7,28.6
Benin,62.4,61.1,59.5,57.7,56.3,54.6,52.9,50.8,49,47.1,45.8,44,43.7,42.8,42.3,41.8,41.8,41.5,41.6,42,42.4,42.6,42.6,42.3,41.7,41.2,40.4,39.8,38.8,38.4,38.3
Bermuda,18.4,18.1,17.4,16.8,16.8,16.8,17,17,17.1,16.4,15.8,16,15.9,15.8,15.4,15,14.1,14.2,14.1,13.7,13.5,12.6,12.5,13,13.5,14,14.4,13.9,13.7,13.7,13.1
Bhutan,140,139,138.4,138.4,137.9,137.6,134.7,134.6,132.5,129.6,129.5,127,124.1,122.1,119.4,116.8,114,111.4,109.7,108.7,107.9,107.5,106.8,106.7,106.3,106.6,106.8,107,106.9,106.8,105.5
Bolivia,56.3,55.3,54,53,51.7,51,50,49.7,49.1,48.8,48.2,47.6,47.5,47.1,46.6,46.3,45.9,45.8,45.6,45.3,45.1,44.9,44.4,44,43.6,43.1,42.6,42.3,41.8,41.3,40.4
Bosnia and Herzegovina,34.8,36,35.8,36.5,36.3,35.6,34.4,33,30.6,29.3,28,26.1,25,23.9,22.8,22.7,21.8,22.7,21.6,21.3,20.7,20.4,19.9,19.9,19.8,19.7,19.2,19,18.8,19.1,19.2
Botswana,101.4,100.2,99.7,99.3,98.8,98.1,96.5,94,91.1,90.3,90.7,90,88.8,85.4,80.6,76,72.3,71.9,72.6,73,73.5,72.9,70.2,68.7,66.7,64.5,60.3,56.8,54.8,53.5,53.1
Brazil,50.3,48.9,49.6,51.9,51.8,52.9,55.3,54.5,55,53.3,50.5,49,48.3,47.7,46.6,43.4,41.4,39.6,38,37.1,36.8,36.8,35.3,34.8,33.9,33.9,33.8,32.9,31.7,31.4,31.1
Brunei,86.4,84.4,82.9,81.3,78.2,75.5,72.5,70.4,71.9,72.2,69.6,67.1,65.4,64.3,62.5,58.1,55.2,55.2,55.1,55.4,55.7,55.7,55.7,58.3,58.9,58.5,59.7,56.7,52.5,50.3,43.9
Bulgaria,35.8,32.6,31.8,31.7,31.5,30.7,31,32,30.4,28.3,27.9,26.5,24.1,23.7,23,23,22.5,22.4,21,19.3,18.3,18,17.9,17.8,18,17.9,17.3,17,17,16.8,16.6
Burkina Faso,39.7,38.9,38.5,38.3,38.2,38,37.8,37.6,37.5,36.8,36.9,35.1,33.9,33.5,33.3,33,33.1,32.4,32.1,31.8,32,32.4,32.4,32.5,32,32,32.1,31.7,30.9,30.3,29.7
Burundi,85.1,84.9,84.6,84.5,83.9,83.1,82.2,80.3,78.1,75.5,72.9,69.2,66.3,63.8,62.4,60.4,58.8,56.5,54.8,54.4,54.2,54,53.5,53,52.6,52.1,51.7,51.6,51.5,51.7,51.5
Cambodia,74.1,73.6,73.2,73.2,73.4,73.4,73,72.5,72.1,71.5,70.7,69.8,68.7,67.5,66.5,65.6,64.8,64.7,64.3,64.2,63.9,63.7,63.3,62.9,62.6,62.2,61.7,61.3,60.8,60.1,59.6
Cameroon,65,64.2,63.6,62.9,61.4,59.8,58.1,56.6,54.8,52.9,51.8,50,50.1,49.1,48.6,48.2,48.3,47.9,47.8,47.7,47.3,46.9,46.5,46.1,45.3,44.3,43.2,42.3,41.2,40.2,39.3
Canada,28.6,28.7,28.7,29.5,29.6,30,29.9,30,30.2,30,29.5,28.8,28.2,27.7,27.3,27.4,26.1,26.3,26.2,25.7,25.4,25.2,25.2,25.4,25.5,25.2,25.2,25.6,25.5,25.1,23.7
Cape Verde,59.9,57.1,53.5,50,45.5,40.5,36.4,33.2,29.8,27.7,26.3,25.7,25.3,24.9,24.5,24.2,22.4,21.5,21.1,20.8,20.5,20.6,20.4,20.3,20.4,20.4,20.8,20.9,25.2,24.6,24.2
Central African Republic,103,103,101.9,102.6,102.8,102,102.4,101.5,101.4,101,99.7,98.4,97.4,96,94.8,93.8,93.3,91.9,90.5,89.9,90.3,90,89.2,89.6,88.9,88.3,88.1,87.8,87.3,86.7,85.2
Chad,58.7,57.2,56.7,56.3,55.3,54.1,53.9,53.2,52.4,51.6,51.1,50.5,51.3,51.8,51.6,51.1,51,51.2,51.6,51.4,51.4,51.3,51,50.7,50.1,49.9,49.7,49.6,49.5,49.3,49.2
Chile,33.2,32.5,31.4,30.5,28.3,26.9,26,27.1,30,31.5,31.4,33.4,32.5,32.8,33.7,33,32.1,32.5,30.6,31,32.4,32.1,31,29.1,28.2,28.4,28.2,28.5,28.7,28.4,26.1
China,239.3,236.4,233.2,229.1,224.5,218.7,211.2,204.1,198.1,192.1,189.1,184.5,175.3,170.1,164.7,154.5,136.8,127.8,123.2,119.1,114.3,107.3,99.3,94.2,89.4,85.1,82.8,80.3,78.6,77.3,76.5
Colombia,43.3,44,44.9,43.5,43.6,45,45.4,44.3,44.3,45.8,43.1,42.9,41.7,42.9,41.7,40.2,39.5,38.1,38.5,38.1,37.6,35.9,34.4,34.1,33.9,33.1,33,32.6,32.6,33.2,33.8
Comoros,64,63.5,62.6,61.7,60.9,59.6,58.4,57,55.1,52.4,50.7,48.3,46.4,44.3,42.1,41.8,40.5,41,41,39.8,39.2,39.2,38.7,38.2,39.1,38.8,38.5,38.1,37.5,37.5,37.6
Congo,89.3,88.3,87.7,87.5,88.9,88.8,88.7,88,84.9,83.4,81.1,77.3,74.4,73,71.2,69.4,67.7,66.5,64.9,63.4,62,60.5,59.6,58.8,58,56.8,55.3,54.3,53.2,52.3,51.5
Cook Islands,69.1,67.4,65.6,63.8,62.4,61,59.6,58.4,57.3,56.1,54.4,54.8,54.4,51.6,49.5,46.9,44,41.5,39.6,37.9,36.8,35.7,35,34.5,34,33.7,33.4,32.9,32.4,32,31.6
Costa Rica,31,29.9,29.4,28.7,29.5,30.9,31.7,40.7,43.2,42.6,39.9,39.2,35.4,36.5,35.7,32.7,31.7,28.7,28.3,27.7,29.6,27.3,26.3,25.9,26,25.7,27,26.6,26.2,25.7,24
Cote d'Ivoire,61.5,60.4,59.7,59.3,58.5,57.3,55.2,52.9,50.9,49.3,48.5,47.3,47.4,47,47,46.7,46.7,45.8,45.3,44.6,44.1,43.5,43.5,43.9,43.3,42.6,41.7,41,40,38.8,38.2
Croatia,24.5,23.8,23.6,23.5,24.2,23.7,22.4,21.6,21.2,22.4,20.9,19.4,19.1,20.4,20.4,20.8,19.6,20.6,20.4,20.8,20.1,20.3,20.2,19.8,20.1,21.2,20.2,21,20.9,20.4,20.3
Cuba,19.6,19.2,19.9,21.1,20.6,20.4,20.9,22.8,23.8,24.1,22.5,22.9,21.1,22.8,23.8,23.7,22.4,23.3,22.9,22.9,22.9,22.9,23.1,24.1,24.6,25.7,25.5,25.7,25.5,25.6,25.2
Cyprus,77.6,78.8,78.6,75,70.4,68.3,65.6,65.2,63.9,60.2,58.2,55.7,54,51.1,45.2,42.5,41.7,41,40.3,40.7,41.9,41.6,40.9,40.1,39.6,39.6,38.5,38.8,37.7,37.2,34.9
Czechia,23.8,20.7,19.5,17.9,15.8,13.7,12.2,12.4,13.2,14.1,14.9,14.8,14.5,15.1,14.6,15.8,15.1,15.5,15.8,15.9,15.6,17,17.6,19.7,19.3,20.4,19.8,19.9,19.7,19.4,19.4
Dem. Rep. Congo,77.3,77.2,76.7,76,76.1,76.7,78,76,75.9,75.3,75.4,75,73.8,74,73,72.1,71.9,71.5,71.7,71.6,71.7,72,71.9,71.7,71.5,71,70.4,69.6,68.9,68.4,68.4
Denmark,39.4,39.2,40.1,41.3,42.2,44.1,45,46.4,47.1,47.8,47.8,47.3,46.4,44.6,41.5,40,39.9,40.8,40.7,41.5,40.9,40.9,40.6,40.7,39.5,39.2,39.2,39.9,40.5,39.8,38.7
Djibouti,46.8,46.3,46,46.2,44.9,44.8,43.8,42.4,41.8,40.7,39.6,38.4,37.2,35.9,35.5,34.6,33.7,33.3,32.8,32.4,32.4,32.1,31.8,31.4,31,30.8,30.5,30.4,30,29.8,29.3
Dominica,25.4,25.4,25.7,25.8,25.8,25.9,26.1,26.1,26.2,26.2,26.1,26,26.1,25.7,25.7,25.5,25.6,25.5,25.5,25.3,25.5,25.5,25.6,25.6,25.7,25.7,25.4,25.3,25.2,25.1,25.1
Dominican Rep.,27.3,25.5,23.8,22.6,21.4,20.8,21,20.9,20.6,20.7,20.2,19.9,20.1,21.2,22,22.3,22.4,22.1,21.6,21,20.4,19.7,19.9,20.3,19.3,19,18.7,18.5,18.4,18,18.9
Timor-Leste,86.1,85.5,84.7,83.8,82.6,81.3,79.6,77.9,77.1,76.8,76.3,75.2,73.3,72.6,70.9,70,69.3,68.8,68.4,69.2,69.1,70.2,70.6,71.1,71.3,70,69.3,69,68.7,68.6,67.7
Ecuador,39.6,39.1,37.7,34.9,31.5,28.4,28.6,28.8,28.2,28.9,28.6,29.5,30.1,30,31,32.5,32.7,31.9,31.4,30.1,29.9,29.9,31.1,31,31.7,31.7,31.4,31,30,29,26.8
Egypt,75.8,73.1,69.1,68.8,68.8,66.7,64.8,64.1,63.3,61.6,57.5,57.1,54.1,50.6,46.7,43.4,41.9,40.7,40.4,40.4,40,39.5,39.6,39,39.4,39.4,37.8,35.8,35.3,34.5,34.1
El Salvador,36.2,35.3,35.4,35.9,35.7,33.8,32.6,32,32.1,29.3,28.2,27.3,25.9,26.2,26.7,26.5,26.3,25.7,24.9,26,24.7,24.8,23.6,24.3,25,25.9,24.4,23.9,22.3,22.6,22.7
Equatorial Guinea,86.3,84.8,82.7,81.4,80.1,79.2,77.6,71.6,67.7,64.3,61,56.9,53.5,51.7,49.9,47.6,46,44,42.7,41.9,41.1,40.6,39.3,37.7,36.4,36.7,36.8,36.3,35.9,35.8,35.5
Eritrea,75.6,75.3,73.7,72.3,71.6,71.8,70.3,68.7,67.1,65.5,64.1,62.3,61,60.2,59.8,59.1,58.6,58.2,58.3,58.1,57.8,57.1,56.4,55.8,54.9,54.3,53.7,53.1,52.5,51.9,51.4
Estonia,17.3,17,16.2,16.6,17.7,16.2,14.1,13.4,13.4,12.7,12.1,11.6,11.2,11.2,11.1,10.4,10.5,10.4,9.5,8.6,8.2,8.1,8,7.7,8.1,8,8,7.5,7.6,7.1,7
Eswatini,106.9,105.9,104.1,102.4,102.8,104.2,106.2,107,109.6,112.6,117.8,121.8,125,126.9,128.4,128.1,125.9,124.4,122,119.7,116.2,112.2,109.1,106.1,102.5,98.9,96.2,93.6,91,88.3,84.4
Ethiopia,63.9,63.3,62.7,61.8,61,60.5,59.3,58.1,56.7,55.2,53.6,51.7,50.2,49,47.8,46.4,44.9,43.2,41.6,40.1,38.7,37.7,36.7,35.9,35.5,35.3,34.9,34.5,34.2,34,33.8
Fiji,136.6,138.6,140.3,141.7,142.3,144.3,146,144.1,141.2,145.9,149.2,144.7,141.4,137.5,125.4,116.3,108.6,101.7,96.6,92.8,92.3,90.7,88.3,87.8,87.4,86.5,85.8,85.3,84.1,82.7,81.7
Finland,16.5,16,16.1,16.1,15.3,15.8,16.4,17.2,17.5,17.2,16.7,16.3,15.9,15.6,14.9,15.3,15.3,15.5,15.1,15.2,14.9,15.1,15.3,15,14.8,14.8,14.8,14.7,14.5,14.3,13.9
France,23.6,23,22.9,23.2,22.9,23.4,23.7,23.6,23.5,22.1,17.8,16.1,15.7,15.6,14.7,14.5,13.8,13.5,13.4,13.1,13,13,13,12.8,12.3,13,13,12.9,12.7,12.6,12.4
Gabon,66.3,64.7,63.3,62,61.6,61.3,60.4,58.7,57.5,56.3,55.8,54.8,53,52.1,50.8,49,47.8,46.6,46,44.9,43.5,42.6,41.6,40.7,40.1,39.7,39.1,38.7,38.3,37.8,37.4
Gambia,60.4,59.3,58.5,56.4,54.5,54.7,51.7,49.7,49,48.5,46,44.2,44.5,45,46.6,47.1,46.8,46.8,46,46.1,45.4,43.4,43.4,44.5,46.1,45.4,46.6,47.8,47.5,48,47.3
Georgia,19.5,13.2,10.2,10.2,10.9,9.9,12.1,12.9,13.1,13.4,13.1,11.8,12.4,14.9,16.2,11.8,10.9,11.1,12,11.7,12.4,14.3,15,15.4,15.1,15,14.1,14.8,13.5,13.6,14.2
Germany,28.6,28.1,27.2,27.2,26.3,25.8,25.1,23.8,22.8,22.3,21.6,20.6,20.9,21.2,19.9,19.4,19.1,19.4,19.7,20.3,20.3,20.5,20.9,21.6,21.2,22.2,22.4,22.6,22.7,22,21.7
Ghana,28.5,28.2,28,27.4,27.1,26.9,26.6,26.7,26.4,26.3,26.3,26.7,27.5,28.1,28.8,29.6,30.4,31,30.4,29.9,29.5,28.9,28.3,27.9,27.4,26.9,26.5,26,25.6,25,24.4
Greece,16,15.8,16,15.8,15.6,15.7,15.4,15.4,16.1,17.4,20.1,20.3,19.8,19.1,18.7,19,21.3,26.2,23.5,27.7,29.2,29.1,28.1,25,19.7,19.1,17.8,17.7,17.2,17.2,17.2
Greenland,96.2,95.5,94.1,93.1,91.1,89.1,85.2,81.3,76.6,74.8,72.1,70,69.6,68.5,68.3,67.3,65.6,64.9,64.4,63.1,61.5,59.7,57.3,56.2,55.4,55,53.4,52.8,52.1,51.9,53.2
Grenada,17.2,16.9,18.9,20.3,19.1,18.7,18.7,18.9,19.5,21.2,21.7,21.7,22.7,23.6,25.6,25.7,24.6,24.9,23.5,22.9,21.6,18.1,16.6,17.2,18.3,19.8,20,19.8,19.3,19.4,19.4
Guam,58.9,57.5,52.9,47.4,43.6,41.5,40.8,40.2,38.9,36.5,35.7,34.4,34.2,32.3,30.8,29.1,26.7,25.4,25.5,25.2,24,22.2,21.9,23.1,24.6,23.2,21.8,22.4,23.1,22.4,17.8
Guatemala,48.3,51.9,56.5,58.5,52.9,45,41.7,40.9,39.9,38.1,35.7,34.7,31.7,33.1,32.7,33.8,33.6,30.8,29.6,31.4,30.5,29.7,27.8,28.5,27.5,28.8,29.6,28.9,28.3,28.4,24.2
Guinea,60.5,59.1,57.9,56.5,55.3,53.7,52.2,51,50.1,49.3,48.4,47.7,48.4,48.5,48.7,48.8,49.4,49.7,49.9,50,50.2,50.2,50,50.1,50,49.7,49.3,48.5,47.8,47.1,46.5
Guinea-Bissau,89.9,87.3,84.8,82.3,79.7,76.9,74,71.2,69.1,67,65.2,63.5,63.7,63.7,64.4,64.1,64.1,64,63.8,63.9,63.7,63.3,62.9,63.1,63,62.4,61.9,61.2,60.9,60.4,59.1
Guyana,21.2,20.7,20.3,20.7,21.7,22,23,23.5,23.5,22,20.4,22.1,22.5,23.1,24,23.6,23.2,23,21.8,21.4,21.3,20.4,20.6,21.7,22,21.9,21.8,21.7,21.6,21.4,21.1
Haiti,64.4,62.7,62.2,61.8,61,60.9,59.8,59.5,58.2,58.8,58.7,58.8,58.4,58.5,58.5,58.4,58.1,57.7,57.3,56.9,56.2,56.3,55.8,55.4,55.1,54.7,54.1,53.5,53,52.6,52.1
Honduras,63.3,62,64,63,62.4,67,71.1,70.7,70.2,70,70,70,69.8,69.7,69.2,68.9,68.4,67.8,68.2,69.5,71.6,75.1,78.3,77.1,76.1,74.9,73.8,72.8,71,69.4,68
Hungary,39.2,37.9,39.2,39,37.9,35.8,32.5,30.3,29.5,30.2,27,24.4,24.6,26.4,27.1,31,32,32.8,31,30.6,29.7,30,30.6,30.8,31.2,33.4,31.7,32.6,32.8,32.6,32.2
Iceland,22.5,22.9,22.9,22.2,22.4,23.2,24.3,23.6,24,23.6,22.9,22.3,22.5,22.6,21.9,22.2,22,22.6,22.4,23.2,23.5,22.8,22.4,22.3,21.4,21.3,22,23,22.4,21.1,19.6
India,154,152.9,155.3,153.3,155.2,161.4,158.3,153.6,151.6,141.3,136.1,135.7,135.7,140.8,143.6,139.9,141.9,148.2,149.2,143,140.9,141.6,142.3,151.3,159.2,154.6,148.5,146.2,143.5,141.4,137.1
Indonesia,73.6,74,74.1,74.1,73.8,73.2,72.9,72.9,73,73.4,73.9,74.2,73.9,74,74.4,74.8,75.2,75.4,74.7,74.4,74.3,74.2,72,70.1,68.4,67.8,67.1,66.3,65.6,64.9,64.5
Iran,36.6,36,35.4,34.8,34.3,33.7,33.1,32.5,32,31.4,30.9,30.3,30.3,30.2,30.1,29.7,29.3,28.6,28,27.5,27,26.5,26.3,26.3,26.3,26.4,26.2,26,25.4,25.3,23.7
Iraq,22.2,22.2,22.3,22.4,22.2,22.2,22.1,21.9,21.4,20.9,20.4,19.9,19.5,19.4,19,18.7,18.4,18.3,18.2,17.8,17.4,17,16.6,16.2,15.9,15.6,15.4,15.2,15.6,16.4,17.9
Ireland,58.1,56.1,55.6,56.8,55.4,56.2,55.1,55.4,54.9,54,49.6,45.8,43.4,42.2,40.1,38.5,36.9,36,34.5,34.5,33,34.7,35.1,35,34.3,34.9,34.9,34.2,33.9,33.4,31.2
Israel,29.7,29.5,28.8,27,24.4,22.5,21,21.4,21.7,23.6,23.5,22.3,21.7,20.8,19.9,20,19.5,19.1,17.9,17.2,16.9,17.3,17.1,16.8,16.6,16.5,15.8,15.9,15.9,15.7,15
Italy,27.3,26.2,24.9,24.1,23.9,23.3,22.2,22.2,22.2,22.2,21,19.4,19.6,20.9,20,20.1,18.7,18.4,18.2,18.3,17.7,17.1,16.9,16.3,16,16.8,17.2,17.7,17.3,17,17.1
Jamaica,17.1,16.1,16.6,17,17,18.3,22.5,24.1,24.2,24.8,23.5,24.5,24,22.5,21.6,22.5,21.2,21.4,18.5,26,20.1,22.3,18.9,18.8,20.2,20.1,19.8,19.6,19.4,19.1,18.4
Japan,19.8,19.7,19.4,19.2,18.3,18.2,16.9,16.1,15.8,15.8,14.9,14.2,13.6,13.5,13.1,12.9,12.5,12.3,12.1,12,12.1,12.1,11.9,11.6,11.4,11.3,11.4,11.7,11.7,11.6,11.3
Jordan,31.8,31.3,30.9,31.5,31.5,31.6,31.5,31,30.5,30,29.9,30.1,29.4,27.4,27.3,27.6,26.7,23.6,21.6,20.7,19.9,19.5,19,18.4,17.8,16.9,16.4,15.9,15.2,15.1,15.4
Kazakhstan,60.8,60.3,64.6,71.5,76.2,80.5,77.1,70,62,49.5,57.3,55.5,56.2,55.2,48.5,46.1,43.5,42.3,40.2,42.1,44.4,51.4,60.8,60.5,60.4,60.8,60.6,60.4,60,59.9,59.6
Kenya,45.7,45.8,45.9,45.8,45.5,45.3,45.3,45.4,45.7,45.6,46.3,46.6,47.6,47.9,49.9,50.8,51,51.2,51.4,51.8,51.8,51.7,51.4,50.7,50.2,49.7,49.2,48.8,48.8,48.2,47.7
Kiribati,151.6,151.7,152.3,153.6,152.9,152.8,152.5,152.4,151.8,151.5,150.8,148.8,146.3,143.8,141.4,139.4,137.9,136.8,136,135,133.9,132.8,130.9,129,127.3,125.6,123.7,122.1,120.2,118.7,117.6
Kuwait,16,15.1,14.2,14.8,14.4,13.3,12.3,12.6,13.3,13,12.9,11.7,12.5,11.9,12,12.9,12.6,11.9,12.5,11.3,10.1,9.1,8.9,8.6,8.3,8.1,6.8,6.4,6.2,6.4,6.8
Kyrgyzstan,103.9,103,106.4,110.2,117.8,117.1,112.2,106.9,101.2,97.5,94.6,90.2,95.9,99.1,90.6,85.5,81.9,75.7,69.9,62.4,57,52.8,49.7,45.8,44.1,41.5,38.5,36.9,32.4,31.1,30.7
Laos,124,123.5,122.9,122.2,121.2,120,119,117.8,116.6,114.8,112.5,111,107.1,104,101.1,98.7,96.4,93.9,91.8,89.5,87,84.8,83.1,81.9,81.1,80.1,78.8,77.9,76.6,75.7,74.9
Latvia,22.3,20.6,19.4,20.3,21.5,19.6,16,15.1,13.9,12.4,11.4,11.1,11.1,10.6,9.9,10,9.9,10,8.9,8,7.9,8,7.9,7.9,7.7,7.9,8.3,8.5,8.5,8.1,8.2
Lebanon,39.9,38,37.4,36.9,35.4,34.1,33.4,33,32.3,31.5,31,31,31.5,31.8,31.9,32.1,32.1,31.9,31.5,31,30.3,30.3,29.8,29.3,28.7,27.9,26.7,25.6,25,24.8,24.7
Lesotho,87.9,86.5,85.8,84.8,84.7,83.8,83.2,84.2,89.1,95,101.9,103.2,105.9,111.5,115.8,118,118.4,116.7,115.1,113.7,113.6,112.9,113.5,113.5,113.8,112.9,110.4,107.7,106.1,105.1,103.2
Liberia,59.6,59.4,58,56.5,55.7,54.2,53.9,51.7,50,47.9,46.2,44,43.5,42.8,42.6,42.1,42.3,42,42.6,43.6,44.2,44,44.2,44.1,43.1,42.5,41.7,41,40.5,40.5,40.5
Libya,34.3,33.2,31.2,30.2,29.2,28.1,27.3,28,29.2,29.5,29.7,30.9,32,31.9,31,30.7,29.1,29.7,30.9,31.4,31.2,31.6,30.6,30.3,30.5,30.3,30.8,30.9,30.6,30.3,30.2
Lithuania,34.3,33.3,30.8,33.2,33.2,31.4,28.6,26,24.8,23.3,22.4,21.8,21.3,20.6,19.5,19,18.5,18.9,16.7,14.8,14.2,13.5,13.2,13,11.9,12,11.4,11,10.5,9.7,9.7
Luxembourg,31.2,32.4,31.2,30.9,31.3,30.1,28.4,27.6,27.3,27.7,26.9,26.2,26.9,26.1,25.4,24.9,23.7,23.8,23.7,24.1,23.7,24,23.8,23.5,22.6,23.8,23.4,23.8,24,23.5,22.1
Madagascar,91.8,91.7,91.3,94,92.8,92.8,92.7,92.7,93.2,91.6,91.2,90.2,90.4,90.2,88.8,86.9,85.3,83.7,83.4,83.2,82.7,82.2,81.5,80.8,80.5,80.2,79.6,79.2,78.8,78.3,78.1
Malawi,49.5,49.5,50,50.4,51.5,52.3,52.9,53.4,54,54,53.9,52.9,52.6,52.3,52,51,50.2,49.1,48.4,47.8,47.3,46.4,45.3,44.5,43.8,43.7,43.4,43.3,43.3,43,42.8
Malaysia,55.1,53.8,53.9,54.6,54.5,56.6,55.8,55.6,56.9,61.6,57.7,55.5,53.5,54.1,51.9,49,45.8,43.5,42.8,42,40.3,37.5,35,33.8,33.7,34.6,34,34.1,34,34.1,29.5
Maldives,119.8,119.9,118.4,116.3,111.8,109.6,107.2,105.5,99.7,95,93.1,90,83.2,79.1,75.2,72,69,66.1,63.8,61.8,59.9,58,55.9,53.5,51.6,49.8,48.5,46.9,46.3,45.6,43
Mali,88.2,86.4,85.4,84.3,83.8,83.3,81.9,80,78,76.3,76,74.8,74.8,73.9,73.6,73.3,73.6,73.9,74.9,74.9,75.2,75.3,75.4,76,75.5,75.3,74.6,74,73.3,72.5,71.6
Malta,26.3,25.9,26.1,24.4,23.3,23.6,22.3,23.2,23.7,23.8,21.4,19.7,21.1,21.8,21.8,21.5,20.5,19.7,18.7,18.1,17.6,15.7,15.5,16.2,16.2,16.2,15.9,15.9,15.9,15.7,14.3
Marshall Islands,139,139.1,139.2,137.4,128.6,127.8,126.5,125.9,124.8,124.1,123.2,122,119.5,117.5,115.9,114.6,113.9,112.9,112.3,111.9,110.9,110,108.5,106.8,105.5,103.8,102,100.3,98.6,97.1,95.8
Mauritania,57.1,54.7,52.6,50.1,47.5,45,42.8,40.4,38,35.6,34.3,33.2,32.7,31.8,31.9,31.6,31.4,30.6,30,30.3,30.1,29.7,29.7,29.6,29.1,28.8,28.3,28.5,28.3,28.7,28.6
Mauritius,74.8,69.1,67.3,63.3,61.2,56.6,52.1,51.9,52.3,52.3,50.6,49.4,48.2,48.4,46.1,46.5,43.2,39.7,38.6,37.8,35.6,33.7,33.5,32.5,32.9,31.1,31,31.9,33.4,33.9,32.3
Mexico,54.6,52.1,50.2,49.7,48.7,50.2,51.5,51.9,50.9,49.6,46.5,44.5,44.3,44.3,43.3,43,40.9,40.1,40.5,40.8,40.3,38.1,36.8,37.8,37.2,36.7,36.5,35.1,34.3,33.8,32.7
Micronesia (country),158.7,156.8,154.7,152.3,150,146.8,143.9,140.9,137.8,134.7,131.5,128.2,123.3,119.2,116,113.3,110.9,109,107.5,105.8,104.4,102.7,101.1,99.7,98.5,97.2,95.9,94.5,93.2,92.1,91.4
Moldova,50.7,50.5,47.9,48.9,53.3,52.8,48.7,45.5,42.8,42.2,39.9,37.8,39.9,39.8,36.2,36.6,34,31.5,28.7,26.8,26.5,22.2,19.5,17.5,16.2,15.6,14.4,13.5,12.3,12.2,12
Monaco,16.6,16.4,16.2,16.1,16.1,16.1,16.2,16.3,16.4,16.6,16.8,16.8,16.9,16.8,16.8,16.8,16.7,16.5,16.4,16.4,16.4,16.3,16.3,16.2,16.1,15.9,15.8,15.6,15.5,15.4,15.2
Mongolia,55.2,59,60.5,59.9,56.6,58.2,59,57.5,55.3,53.3,51.1,49.2,45.8,42.6,39.8,38,35.8,33.6,32.2,32,30.8,29.9,28.9,28.5,27.7,27.8,27.4,27,26.8,26.3,25.2
Montenegro,6.7,6.6,6.5,6.5,6.6,6.5,6.4,6.5,6.7,6.7,6.6,6.5,6.4,6.3,6.1,5.8,5.6,5.3,5.3,5.6,5.8,6,6.1,6.2,6.3,6.5,6.8,6.8,6.8,6.7,7
Morocco,40.1,39.8,39.5,39.4,38.6,38,37.5,37.1,36.6,36.3,35.9,35.7,35.3,35.4,35.6,35.7,35.8,36,35.8,35.6,35.5,35.6,35.5,35.7,35.9,36,36.1,36,36,35.7,35.4
Mozambique,43.2,42.9,42.8,42.7,42.4,42.5,42.8,43.2,43.5,43.8,44.7,44.1,43.9,43.6,43.7,44,44.5,44.6,45.3,46,46.9,47.3,47.4,47.1,46.3,45.8,44.8,44,43.1,42.4,41.5
Myanmar,190.2,190.6,190.7,190.6,190,189.2,188.3,187.3,186.1,184.6,182.9,181,178.7,176.1,173.2,168.7,164.6,159.7,155.6,152.2,149.1,147,143.4,141.6,139.8,138.8,137.5,136.5,135.4,134.5,133.6
Namibia,100,99.6,99.7,99.7,99.9,100.2,100.5,100.9,102.1,103.6,105.4,104.6,105.6,104.8,102.7,100.1,96.3,92.8,90,88,86.7,84,82,80.7,80.1,79.3,78.4,77.5,76.6,75.4,74.3
Nauru,142.6,142.5,142.7,142.6,143.1,144.4,145.7,147,147.7,148,147.6,147.7,145.5,143.2,141.1,139.2,137.3,136,134.5,132.7,130.5,128.2,126,123.1,119.9,117.1,114.5,112.4,110.2,108.4,107.3
Nepal,226.3,222.6,217.6,216,211.9,207.4,201.5,196.9,192.4,187.7,183.7,178.9,175.3,172.9,171.8,171.3,171.8,172.6,173.2,173.9,174.8,177,178.2,180,180.4,183,183.1,183.4,182.1,180.6,179.1
Netherlands,34.7,34.5,33.7,35.5,34.1,35,35.8,36,37,36.8,36.4,35.4,35,34.7,32.9,33.2,32.5,31.9,31.1,30.4,30,30.2,31,30.9,29.5,30.9,30.7,30.9,30.7,30.3,30.2
New Zealand,39,38,38.8,38.6,38.4,40.7,42.2,40.6,38.5,39.5,36.8,37.7,36.3,35.7,34.7,32.6,31.9,31.5,32,30.6,29.7,29.5,29,28.6,29.1,28.7,28.2,28.6,28.4,28.3,26.7
Nicaragua,24.8,26.2,25,25.1,24.4,24.7,25.2,24.3,24.1,24.6,24.3,25.1,26.3,27.7,28.2,29.4,27.8,28.8,29.6,29.4,28.5,28.8,28.6,28.1,27.1,25.8,26.4,24.9,24.8,24.4,22.3
Niger,65.3,62.9,61.3,59.5,57.3,55.7,52.9,51.3,49.5,48.2,47.5,46.9,46.9,47,46.3,46.6,46.2,46.1,45,45.3,45.3,45.7,45.9,46.2,46.3,46.3,46,45.7,45.3,45.1,44.8
Nigeria,39.8,39.7,39.6,39.5,39.4,39.1,38.5,38,37.6,37.1,36.9,36.5,36.4,35.9,35.7,35.1,34.9,34.1,33.7,33.4,33.3,33.1,33,32.7,32.1,31.4,30.9,30.2,29.6,28.9,28.3
Niue,99.2,98.7,99,98.1,97.2,96.2,95.3,94.5,92.9,91.4,89.8,87.8,85.4,83.1,81.2,78.7,77.2,75.6,74.4,72.5,71.1,70.1,69,68,67.1,66.3,65.6,64.8,63.9,63.2,65
North Korea,168.2,167.6,167.2,166.7,166.1,165.1,164.1,163.2,162.2,160.8,159.4,157.6,154.1,151.4,149.2,147.4,146.5,145.9,145.5,144.9,143.8,141.7,139.7,136.4,132.9,129.3,126,122.8,120.3,117.9,115.9
North Macedonia,36.3,37.3,39,39.1,38.8,39.7,39.9,39.8,39.9,39.8,38.8,37.9,37.1,35.7,34.3,34,34.4,34,32.2,31.1,30.2,29,28.8,28,27.8,27.1,26.7,25.6,25.6,26,24.5
Northern Mariana Islands,88,85.9,83.8,81.9,80.3,78.9,77.9,77.2,76.6,75.2,74.4,73.9,74,73.8,73.5,72,69.5,67.8,66.6,65.5,65,64.3,63.6,62.9,62.1,61,59.2,56.2,56,55.6,46.3
Norway,18.8,18.9,20.2,21.5,21.5,22.6,23.9,24.2,25,26.1,26.9,26.7,27.1,26.9,26.7,27.1,27.7,28.7,29.5,29,29,29.8,30.4,30.6,29.9,30.1,30.1,29.9,29.3,28.7,27.6
Oman,31.7,31.1,30.6,29.9,29.4,28.8,28.1,27.5,26.8,26.2,25.5,24.1,23.3,22.7,21.7,21.3,21,21.5,22.8,24.8,24.6,24.4,24.7,24.2,24.6,26.1,27.3,25.7,22.7,21.8,22.8
Pakistan,106.3,107.7,109.6,112.7,116.1,119.5,121.1,122.6,122.6,122.8,122.9,123,122.8,122.4,121.3,119.6,117.4,115,113.1,111.2,109.3,107.4,105.1,103.3,101.3,99.9,98.2,96.9,95.1,93.5,91.9
Palau,117.2,116.2,115.3,114.9,109.1,107.3,106.4,105.7,105.1,104.8,103.8,103.1,102.3,101.4,101.7,103,102.7,102.3,102.2,102.2,102.2,102.1,101.8,102,100.6,99.2,98.4,97.7,95.5,94.4,93.8
Palestine,43.5,43.3,42.9,42.5,42.1,41.8,41.6,41.4,41.1,40.7,40.5,40.3,40.5,40,40.2,39.8,39.3,38.7,37.8,36.8,35.6,34.4,32.2,30,28.9,28.6,27.3,26,25.1,25,24.6
Panama,23.2,22.8,23.1,24.3,24,24.1,23.3,25.3,29.6,30.5,26.8,26.5,25.9,25.4,25.2,24.7,23.2,22,21.6,21.3,21.8,20.1,20.6,20.7,20.9,20.7,21,21,21.2,20.9,20.6
Papua New Guinea,243.1,242.3,240.2,237.8,234.7,232.2,230.8,228.7,227.3,226,225.1,224.7,224.4,222.6,221,220.8,221.5,219.2,217.5,214.1,214,215,213.4,211,209.3,208.7,207.7,207.3,206.5,207.2,206.6
Paraguay,21,19.9,20.5,20.8,21,21.5,22.1,21.7,22,22.1,22,21.4,21.1,21.2,21.6,21.4,21.5,21.4,21.2,21.9,22.6,22.7,22.7,23.3,23.1,24.1,25.3,24.4,24.8,24.9,22.7
Peru,30.8,28.2,29.1,28.9,28.4,28.1,26.5,26.4,26.5,24.8,24.5,23.9,24.7,25.2,25.1,24.8,24.4,23.7,24.1,26.2,26.8,26.7,26.3,25.6,24.3,23.7,24.4,26.1,26.3,27.8,25.7
Philippines,70.7,65.2,63.4,62.4,62.7,62.8,63.5,62.6,62.8,62,62.2,62.9,62.5,60.3,58.5,58.5,57.8,56.4,56.1,55.8,54.8,54.3,53.7,52.6,51.1,50.9,50.1,48.8,48.2,48.3,47.2
Poland,33.8,32.6,29.6,28.1,26.2,25.6,24.8,24.6,24.1,24,22.2,20.8,19.9,20,19.5,19.2,18.8,19.2,18.9,18.3,16.7,16.4,16,15.8,14.7,15.1,14.4,14.5,14.3,13.8,13.7
Portugal,36.3,35.9,34.3,33.7,32.2,32.5,33.4,33.1,33.4,35.2,34.1,32.1,33,32.6,31.9,32.9,31.1,29.2,27.9,27.5,26.3,25.3,25.1,24,23.5,23.8,23.3,22.6,22.6,22.2,21.8
Puerto Rico,29.8,29.8,30.6,32.7,36.1,38.3,37.5,36,37.3,34.6,32.2,31.6,28.8,28.6,28.6,28.4,26.7,27,27,27.3,25.7,24.3,22.9,23.2,22.8,22.2,22.7,22.7,20.9,22.5,22.1
Qatar,43.6,43.3,43,43.5,36.8,30.3,34.9,41.4,41,40.4,39.5,40,40.7,40.2,39.5,37.9,36,34.8,33,31.4,28.8,25.7,23.1,20.5,18.8,16.5,15.9,15.5,15.2,14.8,17
Romania,63,60.1,56.6,47.5,43.1,40.8,41.2,39,38.1,42.6,38.6,36.5,35.6,33.6,31.2,29.2,27.1,25.5,24.5,24.2,23.1,21.6,20.9,19.8,20.4,20.5,20.1,20,19.7,19.5,19.2
Russia,36.7,35.2,36.4,41.2,42.8,39.3,36.4,33.7,31.4,32.6,32.2,29.6,28.7,27.3,24.6,23.3,20.7,18.9,18.5,17.7,17.2,16.3,15.9,16.4,17.7,17.9,17,15.5,14.9,14.5,14.4
Rwanda,93.7,95.2,97.9,101.1,102,101.3,98.4,96,93.3,88.9,84.1,77.9,72.7,67.9,64.2,60.7,58,55.5,53.4,51.5,50.5,49.6,48.8,48.3,47.8,47.3,46.7,46.6,46.5,46.4,46.7
Saint Kitts and Nevis,21.2,19.1,18.9,18.8,20.1,21.7,21.8,22.7,22.9,22.1,20.5,20.1,19.1,19.5,20.6,20.4,20.2,21,20.2,20.1,19.7,19.2,19.4,20,20.8,21.5,21.4,21.2,21.2,21.5,21.3
Saint Lucia,36.5,37.3,38.9,39.8,38.4,38.3,38,37.2,37.5,36.2,34.8,35.1,33.5,33.9,35.1,33.7,31.1,29.9,29,28.1,26.9,25.5,24.6,25.7,27.5,28.5,29.9,30.1,30.2,30.3,30.2
Saint Vincent and the Grenadines,13.7,13.8,14.2,14.8,14.7,14.8,14.9,15.4,15.8,15.9,15.4,14.8,14.6,15.4,15.4,15.1,14.7,14.6,14.4,14.3,14.5,14.5,15.1,15.2,16.1,16.6,16.7,16.3,16.2,16.3,16.2
Samoa,133.9,132.7,131.3,129.9,128.3,126.5,124.5,122.6,120.5,118.8,116.8,114.6,111.5,109.2,107,105.1,103.4,101.9,100.5,99.6,98.8,98,97.9,97.7,97.5,96.8,96.1,94.8,93.1,91.4,90.2
San Marino,16.3,16.1,16,15.8,15.6,15.3,15.1,14.7,14.4,14.1,13.8,13.5,13.2,13,12.1,12.1,12.1,12.2,12.2,12.3,12.4,12.5,12.6,12.6,12.7,12.8,12.9,13.1,12.9,12.8,8.3
Sao Tome and Principe,109.9,109.7,109.7,105.6,105.7,104.9,107.1,108.7,110.6,110.4,109.4,108.8,108.4,107.5,107.8,105.4,105.8,104,102.1,101.9,101,99.3,99.2,98.2,98.7,97.6,96,93.9,92.6,90.8,89.1
Saudi Arabia,54.9,55,54.8,54.5,54.1,53.7,53.1,52.5,51.8,51.1,50,48.5,47.2,46.5,45.6,45.2,44.6,44.3,43.6,43.1,42.6,41.9,40.9,40.2,39.6,38.7,38.5,37.7,37,36.2,35.6
Senegal,57.8,56.2,54.7,52.9,51.2,48.5,46.2,43.6,41.3,39.4,37,38.5,38.1,36.9,37.2,36.8,36.7,37,37.8,38.7,38.5,39.1,39.2,40.2,40.8,40.2,40.6,40.4,40.2,40.7,40.2
Serbia,41.1,40.4,39.5,39.6,40.1,40.8,40.9,40.5,37.1,36,35.4,33,31.4,31.2,30.7,30.2,29.4,28.8,28.2,27.5,26.7,26.2,25.7,24.7,24.5,24.7,23.8,23.8,22.8,22.7,23.1
Seychelles,48.1,47.6,47.7,47.6,47.5,47,46.7,45.7,44.7,43.6,41.8,41.3,41.7,42.3,41.1,41.6,40.7,39.5,38.5,38.3,36.1,34.6,35.2,34.6,33.7,33.2,33.9,34.4,34.4,34,28.2
Sierra Leone,58.2,56.4,55.1,53.5,51.5,50,48.6,47.6,46.1,44.6,43.7,43.3,44.2,44.7,45,45.4,45.6,45.4,44.9,44.6,44.7,44.4,44.1,43.6,42.9,42.6,41.9,41.7,41.2,40.8,40.4
Singapore,49.1,49,49.4,45.8,41.4,39.2,36.3,34.2,31.5,28.5,26.8,25.4,24.1,22.2,21.1,20.3,18.9,17.1,16.4,15.1,14.7,13.7,13.2,12,11.3,10.7,9.9,9.5,8.9,8,7.9
Slovakia,16.4,15.9,15.6,14.9,13.9,13.7,13.2,13.5,14,14,13.7,13.5,13.4,13.4,13.1,13.3,13.1,13.2,12.9,12.8,12.6,12.6,12.4,12.2,11.9,12.1,11.6,11.6,11.5,11,11.1
Slovenia,30.1,30.9,30.5,29,26.7,26.9,26.6,25.9,25.8,26.3,24.2,23.9,22.6,22.3,19.5,17.7,16.4,15.7,15.2,14.8,14.4,14.4,14,13.3,12.7,13,12.9,13.3,13,13.9,13.9
Solomon Islands,115.1,115.6,115,114.5,113.5,111.6,110.6,110.3,109.2,107.4,107.2,105.9,104.5,102.5,100.8,100,99.9,97.8,96.4,97,95.6,97,96.7,96.2,96,95.4,94.1,91.5,88.5,88.8,88.6
Somalia,86.8,85.9,85.2,84.5,83.9,83.5,82.6,81.6,80.5,79,77.7,75.7,74.1,72.7,71.6,70.4,69.9,69.4,69.2,69,68.5,68,66.8,65.9,65.4,64.9,64.4,64.1,63.8,63.5,62.3
South Africa,57.8,58.1,60.3,59.3,62.1,63.1,68.2,73.8,76,73,74.5,73.8,74.6,75.4,74.1,73,72.5,70.1,68.5,67,65.1,62.4,60,57.9,57.1,56.6,55.5,53.6,52.4,50.2,50
South Korea,70.5,67.7,65.2,63.2,61.1,57.9,54.8,53.4,52.7,51.9,49.9,46.9,44,40.8,37.6,34.9,32.1,29.9,27.7,26,24.7,23.5,22.4,21,20,19.3,18.8,18.1,17.8,17.3,17.1
South Sudan,69.5,69.1,68.7,68.2,67.4,67.1,65.8,63.7,62.4,60.8,59.2,56.8,55.2,54.2,53.5,52.4,52,51.3,50.8,50.5,50,49.6,50.2,50.5,50.9,51.4,52.1,52.7,53.6,53.9,54
Spain,43.3,43,41.2,40.8,40,40.7,41.1,40.5,41.4,41.8,38.7,36.4,37,37.1,35.6,36.2,33.3,33.2,32.3,31.4,30.5,30.3,30.8,29.3,29.5,31.4,30.1,30.5,30.2,29.6,29.3
Sri Lanka,106.5,98.1,96.6,92.2,92,92.3,91.3,93.9,90.9,90.8,89.1,84.6,83.8,85.9,86,87.8,88.5,86.1,85.4,82,78,77.7,75.2,75.1,73.4,71.9,68.3,66.6,64.4,60.9,53.5
Sudan,66,65.4,64.9,64.2,63.7,62.9,62,61.1,60,58.9,58,56.7,55.6,54.4,53.2,52.1,50.9,49.8,48.9,47.9,46.9,45.8,45,44.3,43.6,42.5,41.5,40.6,39.9,39.1,38.7
Suriname,27.4,27.8,28.3,30.2,29.1,26,25,25.4,26.1,26.7,26.8,27.2,27.8,28,27.7,27,26.2,25.4,24.9,24.2,23.9,23.2,22.9,24.1,24.2,23.8,23.2,23,23.3,23.4,22.7
Sweden,14.9,15.1,15.2,15.8,15.6,16.1,16.4,16.7,17.2,17.6,17.6,17.9,18.4,18.4,18.3,18.5,18.1,17.9,17.9,18,18.2,18.6,19,18.7,18.5,18.9,19.4,19.5,19.1,18.3,17.8
Switzerland,23.9,23.1,22.4,21.9,21.6,20.9,20.7,20.6,20.4,20.2,19,17.9,17.8,17.9,17.3,17.2,16.3,16.1,16.2,16.7,16.2,16,16,16.2,15.5,15.6,15.1,15,14.9,14.4,14.2
Syria,42.7,43.9,46,44.7,44.5,44.5,44.8,44.8,44.7,44.5,44.6,43,43,39.9,38.7,38.1,38.1,38.4,40.2,40.9,39.9,39.8,39,38.8,38.8,38.3,38.2,38,37.7,37.4,37.1
Taiwan,44.1,42.1,40.9,40.2,41,42,42,40.8,41.2,39.4,37.3,36.7,35.3,33.9,33.1,31.9,29.2,27.6,26.9,25,24.5,25.7,25.3,24,23.8,23.1,23.3,22,21.5,21,19.9
Tajikistan,71.8,73.3,77.2,76.3,78.5,78.9,73.5,67.5,66.5,66.4,64.9,63.8,64.1,63.8,63.4,64.2,64.6,65.6,64.7,63.5,58.8,55.8,52.9,48.6,47.2,45.7,44.2,42.8,41.8,40.7,40.5
Tanzania,43.3,43.1,43,42.8,42.9,42.6,42.1,41.6,41.1,40.8,40.4,39.5,38.6,38,37.6,37.1,36.6,35.9,35.2,34.7,34,33.3,32.7,32.3,31.9,31.7,31.4,31.2,30.9,30.8,30.7
Thailand,68.9,69.2,68.9,68.1,67,65.4,63.8,58.6,60,58.3,56.4,53.7,53.1,51.3,50,48.2,45,42.2,39.8,37.4,35.9,33.9,31.4,28.9,27.3,25.6,24.7,23.7,23.7,24,24.2
Togo,59.8,58.8,57.8,57,56,54.5,53.1,51.9,50.8,48.9,48,47.1,47.5,47.7,47.2,47.3,47.8,48,49,49.2,49.2,48.8,48.1,47.5,46.8,46.4,46,45.7,45.1,44.6,44.1
Tokelau,94.8,94,93.2,92.5,91.7,90.7,89.8,88.6,87.4,86.2,85,83.8,81.7,79.5,77.3,75.4,73.9,72.6,71.3,69.9,68.8,67.8,67.1,65.9,64.7,63.7,62.7,62,61.1,60.2,62.1
Tonga,84.2,82.5,80.2,80.1,79.3,76,75.8,77.4,81.2,84.2,82.5,79.7,79,78.4,75.6,70,70,70.3,70.7,70.8,70.9,70.5,70,69.3,68.5,67.8,66.7,65.6,64.6,63.8,63
Trinidad and Tobago,24.3,23.4,23.1,23.6,23.8,22.4,23,20.8,21.8,23.6,21.5,21,20.2,20.9,20.5,19.7,18.9,18.8,19.6,18.4,18.3,17.4,16.6,16.9,16.9,16.9,17.4,17.2,17,16.9,17
Tunisia,33.1,34.5,34.2,34.1,33.6,34.3,34.1,32.9,32.6,32.2,31.9,31.7,31.6,31.7,31.3,30.9,30.4,29.9,29.4,29,28.6,28,27.8,27.6,27.3,27.1,26.9,26.7,26.2,25.7,25.3
Turkey,68.5,65.5,63.8,62.7,61.7,60.2,58.3,56.2,53.6,51,48,45.7,43.7,44.1,44,44.2,44.2,44.6,45.9,48.4,48.5,48.3,48.1,48.8,49.6,50.4,50.6,49.1,46.9,47,47.3
Turkmenistan,48,46.5,44.7,44.8,46.4,44.2,43.6,39.3,35.6,29.3,25.4,21.6,20.7,20.6,20.5,21.4,20.2,18.8,16.3,13.5,11.1,11,10.9,12.6,13.2,13.5,13.4,13.6,13.5,13.6,13.6
Tuvalu,137.5,134.8,132.3,129.8,126.9,124.9,122.9,121.4,118.7,116.5,113.8,110.8,106.7,103.2,100.1,97.4,95.3,93.4,91.7,90.2,88.8,87.3,85.9,84.6,83.5,82.3,81,79.6,78.2,77,75.8
Uganda,63.6,64.9,65.3,66.1,66.6,66.6,66.2,65.2,64.6,63.5,62.8,60.9,59.2,56.9,55.1,53.2,51.5,49.7,48.2,47.1,46.4,45.4,44.5,44.1,43.6,43.2,42.9,42,41.5,41.2,41.1
Ukraine,52.6,54.1,55.6,57.5,58.9,59.7,57,52.9,47.8,46.9,45.5,41.2,38.3,35,32,28.6,25.1,23.6,21.8,19.3,17.6,15.7,14.1,13,11.9,11,10.2,10.2,10.5,10.6,9.9
United Arab Emirates,61.9,61.3,54.8,52.3,51.4,48.6,47.2,48.1,53.4,57,61.7,64.7,58.5,55,57.4,60,65,76.5,82.4,80.4,69.4,67.6,63.7,66,67.4,67.3,69.3,65.3,62,57.9,41.5
United Kingdom,39,38.9,38.6,38.6,37,37.9,37.6,37.9,38.1,39.1,38.5,38.3,38.9,39.6,38.3,38.1,37.2,37,36.9,35.7,35.6,36.6,37.7,38.3,36,36.9,37,36.7,36.8,35.9,34.2
United States,31.1,31.7,32.1,33.5,33.9,34.1,34.4,34.9,36,38.4,39.1,39.3,39.2,39,38.4,38.9,38.4,38.4,39.4,39.1,38.7,39.1,38.9,38.9,38.6,38.8,38.8,38.7,37.8,37.1,36.7
United States Virgin Islands,20,19.6,19.5,19.4,19.4,18.7,18.7,18.5,18.4,18.5,18.7,18.8,18.4,18.4,18.3,17.8,16.6,15.9,15,14.7,14.6,14.5,14.4,14.2,14.1,13.8,13.7,13.6,13.6,13.7,11.8
Uruguay,36.4,36.1,36.8,37,36.5,38,37.4,38.5,41.5,42.2,39.3,40.6,39.7,41.4,41,39.5,38.1,40.3,37.8,37.8,38.7,39,38.6,37.5,36.3,38.4,39.3,38.1,38.2,38.2,35.6
Uzbekistan,46.2,44.4,42.9,44.3,47.2,47.3,46.7,43.8,42.7,41.1,40,39.7,39.8,39.8,38.5,30.7,17.2,14.5,14.2,14.1,14.1,14.5,14.8,16.6,16.9,15.9,14.9,15.5,14.6,13.9,13.8
Vanuatu,152.7,153.1,153.1,152.8,153.2,151.3,150.9,150,149,148.6,145.9,145.2,140.3,135.5,133.4,133.5,132.1,131.2,129.9,127.5,125.3,124.1,122.4,120.8,119.3,118.3,117.2,116.2,115.2,114.1,113.2
Venezuela,24,22.9,21.9,21.4,21.5,23.8,26.1,26.2,27.9,28.3,27.1,28,26.8,27.4,25.6,25.2,24.5,24.2,24,23.2,22.4,22.6,22.6,23.1,23.9,23.9,25.1,24.4,24.4,24.4,24.8
Vietnam,70.6,70.4,70.3,69.9,69.5,69.1,68.4,67.7,66.9,65.8,65.5,65.9,66.4,66.6,66.7,66.5,65.7,64.7,63.8,62.7,61.8,61,60.1,59.2,58.5,58,57,56.2,55.3,54.5,53.6
Yemen,67.5,66.5,65.6,64.6,63.7,62.4,61.1,59.8,58.3,57.4,56.5,55.4,54.9,54.2,53.9,53.2,52.5,51.8,51.4,50.7,49.6,49.1,48.4,48.3,47.8,47.6,47,46.2,46,46.6,47
Zambia,50.8,52,53.2,54.2,55.3,56.2,56.5,56.3,56,55.5,55.2,54.1,53.4,52.4,51.6,50.7,50.2,49.3,48.7,48.2,48.4,48.4,47.7,47.1,46.5,46.2,45.5,45.1,44.5,43.9,43.1
Zimbabwe,51.3,49.6,49.2,48.6,48.6,49.2,49.1,50,52.5,55.2,58.3,59.4,61.3,62.7,63.8,64.2,64.2,64,64.9,64.8,64.2,62.9,61.9,61,60.5,60.3,60.2,59.7,59.4,59,58.2
